x1,x2,x3,x4,y
3.870437806,-1.425076499,6.423905499,11.58423018,1
5.018711905,-0.783744534,3.267142098,1.202756297,3
4.65466399,1.587040429,5.202561466,1.305118435,3
4.528511712,-0.141236308,5.560760876,8.660178288,1
4.770720935,0.446019663,1.332283137,4.868556199,3
4.179729147,1.834167184,2.106661409,4.409770004,3
1.911724345,6.580366045,7.539573636,10.1138155,1
4.926766748,7.232284448,4.405379143,4.645168994,1
4.360313769,2.628128551,3.126355285,6.181596804,1
2.67319633,-0.733000325,7.577618748,5.894090333,1
2.67100102,-1.168293471,8.676712889,4.723871124,1
5.06532655,2.379515177,3.847008197,6.156800203,1
2.913930292,2.947203294,8.121932171,6.997876133,1
4.967003491,1.765491902,3.658216385,4.169835472,2
1.440786614,4.233227764,5.450928204,2.045062589,2
3.810547182,1.980238631,7.294899207,6.042266222,1
5.133736543,-0.070735907,4.270525707,4.503977178,1
2.625079181,2.984709987,2.500679981,4.620302413,1
5.180267997,1.595270458,4.389927795,3.937430671,2
4.847785468,1.325373431,6.131176714,4.460182609,1
3.931965026,2.167628723,5.343113985,4.569732661,1
4.610419272,1.168539938,5.12341205,3.179423802,3
3.937521717,4.489636414,5.692076048,7.359134164,1
3.092890326,0.347967718,1.801109489,7.254859014,1
1.398448627,5.023954808,7.875671074,3.027946142,1
3.247602749,4.562856029,2.886239948,3.636396542,2
3.876528186,1.247409231,7.500468107,5.843869812,1
3.269258539,6.888748243,7.599806018,4.66893257,1
1.004196839,2.243853498,6.410370024,1.606019095,2
3.904610153,4.473261597,3.012772411,5.227233087,3
3.213126779,2.575759433,4.384531803,7.574192127,1
2.657513348,4.287195636,6.068652328,1.954910517,1
2.588299569,5.231216507,1.983059194,1.9121748,3
2.135783669,-0.460619551,4.37846124,8.537323564,1
1.272004969,0.084859654,5.604140751,4.33975513,1
1.156253201,1.336760771,8.191271065,3.944183832,2
4.927559878,1.881545079,7.447144065,5.554453844,1
2.972879665,3.384310509,4.555821171,3.960048809,3
2.390620963,-1.830619338,7.156572798,7.8801356,1
4.527652108,6.871600729,2.893667093,5.725595414,2
2.773906137,-2.264093751,7.656953532,6.884306204,1
4.234723858,3.767507217,7.704931116,3.870026606,1
3.84942584,-1.593464537,2.499652056,1.000040457,3
2.540958116,-1.244351067,4.307194658,3.763152979,1
4.071564422,3.096497637,2.574841416,6.195251979,2
2.452950437,1.774266553,4.177406065,4.440104278,2
1.449917355,2.328993283,4.193793032,2.850554935,2
3.315663638,3.163991712,2.678431956,1.702032816,3
2.644802695,3.169022034,4.236778313,4.892793147,1
1.049633938,1.242980242,8.410084305,10.57050337,1
1.97267968,3.334920505,2.460370542,5.702259164,3
4.315653939,1.322045984,8.767616453,4.862263809,1
2.468078581,-0.44304033,2.169452386,7.487958256,1
4.912015953,3.314362629,5.852287594,4.041294171,2
4.191163481,5.778167684,4.381246381,4.616637253,3
1.322438646,0.347809281,7.072605882,4.012822945,1
1.083902243,0.827642345,7.164798457,6.477216575,1
3.281437945,1.092234942,6.204484146,8.157474488,1
2.528848398,4.110030564,6.229337115,7.32626565,1
4.561752354,3.136708009,8.428481836,4.98532577,1
1.966770691,1.980592359,5.78504795,1.581833569,1
1.549327351,1.831411369,6.369458787,3.606771824,1
3.79350195,5.208454,5.087340858,2.706977606,3
1.876538443,1.137010284,4.961818883,4.476425156,1
3.098806479,1.656500633,2.131756723,2.29425015,3
3.47131968,3.632471999,2.457442908,7.213568518,1
2.935960799,4.451660717,2.417992936,7.06673616,1
2.385240448,4.986134288,4.565966258,5.853650114,1
3.550412549,3.453839113,2.341752391,1.816361239,3
3.267637534,4.06377651,1.955010766,6.820543746,2
1.901485796,0.594192788,5.64801061,7.328503543,1
3.594360795,-0.665325253,7.717429202,5.418946228,1
1.338360626,-1.539714796,1.784288377,4.176281921,1
4.496634878,0.876518072,8.971521853,3.803867517,1
1.768668414,-1.476038489,4.069058606,5.386255479,2
2.839986912,3.03806705,4.403644094,4.34604879,1
2.89792699,3.802763809,4.446152145,8.434068065,1
3.034214093,2.622022929,4.725592099,7.022407492,1
3.427846626,4.618095153,7.487852223,4.375753253,1
1.557276221,2.496053225,5.403984517,2.684550846,1
4.761891475,4.308043791,1.466953751,8.090158456,2
1.036949602,0.641749212,3.242978204,10.42867867,1
4.887494758,2.970302716,3.106675532,5.841751928,3
2.038736722,1.300208003,8.550101338,7.49847454,1
4.535847437,3.508313668,6.65166859,7.253093904,1
1.521173941,2.349562608,5.403313274,4.902692072,1
2.915065002,2.441112171,7.175004959,5.837645278,1
2.639719033,4.549743984,4.141113132,6.382825323,1
5.190784776,3.135325387,4.898235392,9.124173001,1
3.205778146,2.952110113,4.90397381,2.937298134,1
2.356116125,-0.054356026,3.090340523,5.2569603,1
2.137276147,2.978340933,1.823859399,2.630104298,3
2.613818089,0.676548152,5.255650768,4.456241262,1
4.26849144,-0.336319569,1.570372282,8.289010701,2
3.99014665,2.04837455,3.62749158,7.842243551,1
4.777085047,0.294646127,6.302026277,1.994312289,3
4.010700859,-1.635194622,8.617551722,5.545803879,1
2.671965648,1.893734158,2.977631025,4.923746646,2
3.832038559,-0.005163817,2.904019641,2.989866447,3
0.803106168,2.126061356,3.590056138,6.071794858,1
3.818399394,2.793508896,3.795489889,5.944913297,1
1.713854654,1.859227741,7.973366618,5.30852634,1
1.726777364,3.22347977,6.631507955,3.866635977,1
3.068000389,1.050639171,6.342162386,2.414568835,1
3.096354414,5.876035029,2.089969639,1.244207738,3
1.12477126,2.878964868,4.92787344,3.590201429,2
2.966211981,-1.938592425,8.069900041,3.004291421,1
4.172037741,1.657662895,2.267623888,4.274936974,3
1.177255271,7.02533582,3.07801489,4.920863441,3
1.75259301,0.40740876,4.673311094,6.805725823,1
4.568918209,1.723699509,8.41500539,6.551184077,1
0.84803987,2.761358832,2.951967439,6.899024437,1
4.793443878,2.796594503,4.314444492,2.96359037,3
3.26149367,4.139027914,3.109613305,4.57813454,2
2.136354451,4.31417035,4.824468955,4.028266671,3
4.244863488,2.298567702,5.147902315,6.091494208,1
1.556395915,2.127012011,4.847982157,4.87114911,1
4.313543079,3.12794768,7.025480963,6.411625991,1
3.730761158,3.203567103,4.068050617,6.123152778,1
4.062972341,-0.131565589,4.971161624,8.511936582,1
2.844735669,4.587143875,3.342944361,5.700741337,2
0.852058009,2.84567198,8.342913045,4.937105897,1
0.90017475,1.896490504,7.273188192,5.132031796,1
2.814531507,1.748471145,2.329155842,6.663403034,1
4.490855932,2.587095812,7.663465934,8.707085799,1
0.884519939,2.040395098,8.904617731,5.082567035,1
3.205509206,2.816677175,8.081876867,5.920805767,1
1.402298216,0.087505724,6.806154858,4.565360121,1
2.767640516,0.210186669,1.534887319,3.547813997,3
4.734635038,1.784784551,7.06195459,5.47696366,1
3.571408408,-0.418060541,6.976251682,6.259932466,1
1.15741997,-0.614022731,3.024635416,5.529953455,1
1.679509786,2.446577598,8.038438138,3.04786419,1
4.653027579,-1.064806007,6.675012438,5.729639214,1
1.944677361,-1.449232872,4.767950235,7.079155773,1
1.171269137,2.201609531,6.645678749,4.851771943,1
1.192259676,4.638470865,2.865266236,3.615701693,2
5.121547882,-2.000396933,6.864698116,3.930922645,1
3.186588172,2.843935937,1.781807972,3.026331946,3
3.341931332,1.694828942,7.720978528,5.109786498,1
2.45052407,2.950955232,3.608204931,4.663465026,1
3.676575396,2.929700327,6.529368376,5.455897496,1
4.423041066,1.758039737,7.247450061,8.163071217,1
1.718529524,-1.478691555,4.673092877,10.37022532,1
4.71583851,2.626479565,6.485098425,3.634304289,1
3.199657687,-0.913618552,7.928245738,7.053181291,1
3.099430912,1.583705938,1.824423185,5.580028504,2
1.65522863,0.953841583,6.986560943,3.498092683,1
2.084621948,2.044549351,6.854151307,3.591825656,1
4.502980041,4.284431755,3.479064841,6.69457228,1
0.919492224,-0.820029856,1.014820224,5.505875404,1
5.042748054,2.839932285,8.776536204,3.230586021,1
2.071053705,2.383593258,3.139584055,5.108809318,1
2.921666381,0.753540129,8.532542715,0.417078387,1
2.699858112,2.535327305,2.101690968,2.89638916,3
1.383816557,1.380445726,4.885671746,6.199990552,1
3.462937081,-0.235001205,7.933617361,3.866184763,1
1.677442851,1.744504114,3.147624429,2.835874123,3
1.355284704,-1.752604984,3.439534642,4.996336584,1
3.50356027,0.776200982,6.001888933,5.166899076,1
4.488480541,0.088631702,3.933044387,8.1723518,1
4.053637546,2.045866834,3.619572917,5.438994775,1
3.656656923,0.802229723,7.377454637,1.855843002,1
1.30617285,1.979376764,6.710362073,1.777994501,1
2.312208378,1.017187749,8.509071864,4.940074018,1
2.197899623,6.139675182,5.601487901,4.093894792,2
1.160976766,1.241516963,5.850535702,6.928979837,1
2.139613164,0.026129482,2.932270741,3.980364565,3
5.087034631,3.561703501,8.862509292,0.907618808,1
1.912656023,-0.009174946,2.550870007,3.005591561,2
4.735887702,0.134997461,6.281304989,5.414801195,1
1.191779819,0.315966065,8.568127256,0.094295777,1
1.571954522,3.366313476,7.529661996,5.517129677,1
1.058734696,3.457982877,3.362725034,3.561322911,3
3.363537101,3.195589855,1.147773406,4.966724933,3
3.760247373,2.018785935,5.065596074,4.404685296,1
1.337076044,0.856941373,2.224975454,4.699122755,2
2.981531104,2.630508863,4.797224471,4.893046884,1
2.825248582,2.8689505,7.30842606,2.668739601,1
4.723905527,3.579380169,4.069299726,8.631299937,1
0.869170897,2.058382243,6.133852251,8.001172611,1
0.974839704,7.204885523,2.43938135,7.948449881,1
1.803472001,1.747018413,8.530301848,4.829366355,1
3.753700943,-0.193152967,6.552505372,3.547597247,1
4.507703453,5.266266912,1.774352154,6.521467035,2
2.994980745,2.520380511,7.321822025,6.296344627,1
5.161928339,4.412994155,3.833863925,5.223682811,2
2.708068408,-0.349103919,5.242658375,7.191181369,1
3.875111802,4.543865785,5.142047789,1.45713998,3
2.330567444,4.872268904,2.899256587,6.338411089,2
1.096244097,2.303594947,7.612678625,4.03635306,1
2.389615064,-0.122261259,1.932498029,6.664105443,1
2.120924474,-1.087198465,7.423356967,5.243783433,1
1.112018813,2.684657991,2.221863989,7.945978547,1
3.367844053,1.185812127,2.400296742,6.335457269,1
3.67713215,-2.430133316,5.216121731,3.655877064,1
3.993250716,4.739862871,3.204706686,6.634571811,2
4.340785989,2.084300961,2.654615359,5.09370419,2
1.84425187,3.301662302,1.15102417,4.436952792,3
2.874499123,-1.034449896,6.93167612,6.418230604,1
4.021185837,0.173036372,7.956199456,4.5594703,1
1.892374252,-0.670921062,8.132913491,8.143657814,1
3.586526996,3.294234815,3.084695404,3.620125168,3
4.217215423,2.690379932,5.850016491,2.103278239,3
2.933045399,-1.753996444,1.877127154,4.249744464,2
4.421231723,3.101525865,3.249259746,3.090764457,1
2.544725204,1.49108616,6.879428821,5.204353679,1
3.496616976,-0.763940934,6.433809606,6.460869384,1
0.875630833,2.785507997,1.604247382,6.00569588,1
2.837585972,2.531061539,5.749529565,4.936567792,1
4.211667857,0.911178443,2.959998704,5.651394688,2
4.763227505,0.60502917,5.3035882,5.013767707,1
1.196513858,3.54228575,4.987240028,5.807581098,1
1.940445694,1.25426272,8.813117003,1.937917511,1
4.357917439,-1.246960098,1.981974699,2.241111431,3
2.432873864,1.317708279,4.30384659,4.344536337,2
1.059842486,3.689114822,6.012527097,4.30768548,1
1.031108201,1.141368432,6.018626178,5.523967463,1
2.184025791,1.930163151,5.123256046,10.00658178,1
4.404816357,5.512951432,4.562706791,5.308043312,1
3.49617917,1.090270639,8.737748696,3.421243309,1
2.001882731,2.475558638,3.74814295,1.186091218,3
3.452428282,3.86655437,8.260143584,5.999669878,1
2.661679277,1.398429341,7.536302276,3.463550938,1
2.731919071,-2.130397673,4.427359808,3.603613324,1
5.002211871,1.948260745,7.919164266,4.416944553,1
4.887196795,2.30074435,2.007177936,5.176975374,1
1.609941752,2.389104458,1.387049936,4.041092061,3
1.568056282,3.618212406,3.555624338,0.705944579,3
4.365376137,0.857864616,7.39586046,3.176826336,1
2.812594438,5.753623287,8.320281416,4.943615328,1
2.250469837,1.407958898,5.545505585,4.982596156,1
4.804083876,-0.182932181,2.322211709,7.195478802,1
2.504041372,-0.770395593,1.389408402,3.147409945,3
3.509753585,-0.357414471,7.995996274,5.751001088,1
3.518928414,4.141090853,1.709970998,8.356086096,1
3.771894887,2.110964299,2.43723141,7.952338423,1
2.940830469,2.385982047,5.302869925,3.479035675,1
3.040858983,1.298972671,2.942893375,2.339233484,3
5.07421094,3.387183324,8.222230608,-1.106073608,3
1.018945412,2.668808051,6.356430816,6.82733405,1
3.426231763,-0.799842662,1.14768522,3.467354356,2
3.174699038,4.337396789,2.862805009,2.646433264,3
4.763230099,4.456785104,8.625719752,6.831087918,1
4.108169848,1.763178164,8.438548964,2.098534949,1
5.172423836,1.046255351,3.218915395,5.297184568,2
5.067617145,-0.099071706,7.548617806,2.533213126,1
3.713813242,-1.187362759,3.787786668,4.67624689,1
1.038189105,1.49513118,5.083822662,4.497545536,1
0.814079111,2.431667133,8.198184181,5.397294204,1
0.992345995,3.134150173,3.052095257,3.18174796,3
4.07150115,-0.191350818,8.513279388,4.592077325,1
1.752242042,0.998552569,1.201469461,4.797884876,2
1.920154832,-0.275396014,5.271230644,4.056866987,1
3.404242376,3.012218335,5.163332846,4.594094067,1
4.735530582,3.083904757,8.582901541,2.815993283,1
2.755081995,0.083140922,5.773993688,5.854723018,1
3.88013076,2.609700419,3.574384188,5.305413432,2
4.336930539,5.057828025,7.313491846,3.236687579,1
2.960589641,3.172756716,4.565593384,4.423171465,1
0.824373074,5.220197322,5.260901073,5.12044075,1
1.627618,3.654928749,3.033143554,5.744226261,1
2.579740918,2.380543431,1.148659481,6.139851422,1
1.181505869,2.611962871,8.990742082,4.652496361,1
1.946939919,-0.640957516,1.32089089,4.92578899,1
1.692075343,-0.687784184,8.286959227,6.77104987,1
1.707201872,4.149964886,8.749248274,5.654997102,1
1.024782292,6.422536926,8.155883346,5.362507714,1
2.215545404,2.8289333,4.852678049,4.69431368,1
2.74292757,-0.488548059,6.352074567,4.558631734,1
3.780073407,3.101758123,6.58290627,3.008146994,2
3.949839531,-2.880105879,8.74584851,2.833281039,1
2.454671693,2.166314455,8.186880555,5.27055703,1
4.783750933,5.380387832,8.990151014,5.898244178,1
5.147956534,-0.475656757,6.432478407,5.639623781,1
1.673113606,2.043289315,6.859429521,4.06444321,1
4.95451278,5.247704957,1.307493336,4.471756336,3
5.13981494,-1.577149445,4.622198517,4.361787968,1
4.138940507,1.561823116,6.096989838,4.154202715,1
3.348184004,1.791647261,8.037612364,7.40335456,1
3.89567808,3.621052419,7.633516306,6.037233981,1
1.946265976,2.742933571,3.308472248,7.464581736,1
4.217504623,3.954123402,3.298321929,3.082986015,3
1.964523773,2.653776081,1.33768772,2.200193162,3
4.861015427,1.260426159,1.300229985,5.075231453,2
2.813871126,0.487363674,2.059106633,6.129888647,1
4.606447475,-0.698550493,1.970692951,7.396600061,1
2.618498895,0.75023759,7.313578555,3.792245582,1
2.177097964,1.198720499,7.91014318,5.209033444,1
2.818886211,2.85398462,3.88122751,2.392550288,2
4.723097059,2.451533073,7.661752848,5.101682571,1
4.695033967,2.404384909,7.129954757,4.884879755,1
4.389562218,1.77228701,2.737014811,7.766964311,1
3.866852706,3.81155496,5.413734965,6.255923997,1
4.65987195,1.369215552,3.056065971,0.333660709,3
3.84764569,5.674918108,6.326942839,10.52900218,1
4.844481725,-0.677885703,3.205878075,4.554804579,2
0.917317701,1.652546416,7.666736888,6.358334601,1
3.458584016,2.938982442,1.465956548,6.091174968,2
0.90308568,2.041156457,5.989490256,0.023514525,2
3.66820554,2.304680156,3.191825321,5.155682011,1
4.357103483,2.008866648,1.557537682,6.606679967,3
1.498759016,1.412773459,6.110280082,8.348506103,1
1.334952146,3.037453648,1.280240746,3.435370204,2
2.25042008,1.267068283,7.016680935,5.965432883,1
2.638140431,5.914196914,3.369068423,4.824227158,2
3.047774865,2.039961763,1.969425134,8.20466963,1
3.182997744,2.121701192,8.971123643,3.174891424,1
2.913377278,1.327060682,7.59581212,3.752533282,1
0.954749324,5.390149902,5.751199156,6.40595872,1
4.191757373,6.265349581,5.54918848,5.550265689,1
2.714255248,2.517529678,3.952161307,8.130546879,1
1.40494676,1.141502588,1.089073315,5.816814031,2
4.096565826,3.386574777,5.069006538,4.900876679,1
2.196528795,0.855911532,7.577892158,2.637866436,1
4.986355124,2.456267317,6.499223255,8.049910675,1
2.472892843,2.299268718,7.96572385,4.843779138,1
5.192968334,3.084946964,8.742183628,2.471597299,1
3.240661133,2.579248832,6.267621871,5.273647942,1
0.950360479,2.506156041,4.515387721,1.947767121,2
3.250162796,1.363682369,7.447266458,3.865636559,1
2.128576383,0.541925177,3.18158794,7.233315562,1
4.644017369,-2.889025534,2.394433029,5.365942449,1
2.116214127,2.239524941,2.066137638,4.455694524,3
1.859425677,3.568927242,2.801941145,9.070337434,1
3.648626366,0.517388965,6.125475183,7.755700226,1
2.801514889,1.420280002,8.99097641,7.900524277,1
2.975856003,3.739770915,1.274055125,4.156429592,3
4.668591309,-1.378604622,5.361992048,3.178898383,1
1.325088556,1.293798282,7.506685644,6.980091749,1
2.811600715,2.761774394,8.765774859,7.63800272,1
2.75022435,2.072791224,2.004648726,9.272226719,1
2.405284756,1.689981021,1.970590953,9.336981487,1
4.330068003,5.912664232,8.048144622,5.565936661,1
2.921945395,4.020852465,7.673905067,4.566848135,1
0.809844831,0.004150124,6.411137803,4.942433146,1
2.464549766,2.226377729,2.16399936,7.384966542,2
3.133682524,3.841368875,8.084665008,2.922591224,2
2.216743258,2.342672004,2.767900798,3.482216446,3
3.787957984,3.569521682,7.516467923,4.729961016,1
3.233885045,0.515935575,8.819599371,4.557872389,1
4.679688021,3.695020207,5.157733886,5.59971669,2
3.092597786,1.710623349,4.106516689,2.170337751,3
3.183726501,3.452481467,3.647123633,3.999311788,3
1.463235779,1.842194968,6.061624544,3.193955507,1
3.800102647,0.454262774,8.999931723,7.516546641,1
4.115072399,-0.392926772,8.170550901,5.240077494,1
4.162717663,6.253736114,5.50426276,6.128723938,1
2.937631926,1.631288202,3.002109887,5.89711438,1
0.996207019,2.96907966,8.180905785,5.752121593,1
3.830956219,-0.315113457,7.415257253,2.292463625,1
4.654485729,0.338447634,4.862445511,5.028386,1
4.487318913,3.308613858,1.192989206,3.549620147,3
2.385894039,0.256050281,4.932078453,1.399093835,2
2.990821932,1.606237941,2.619341323,5.969317421,1
0.891263345,0.755319338,1.193994429,5.967089489,1
2.133915973,2.01122292,6.519790694,5.985258498,1
2.108322322,2.241975961,2.855441378,3.493021305,2
5.175761202,-0.085318532,1.823436389,1.650148712,3
2.579812771,0.936301097,5.111629333,3.434172371,1
2.434886234,3.844310104,7.075777177,4.906642981,1
4.022184365,0.795130474,2.24911011,3.927243459,3
2.029814373,3.162752034,1.169688426,4.504892836,3
3.739242729,3.553889667,5.368690554,6.604673398,1
0.961492808,0.79680249,3.621701006,5.54787292,1
1.033139374,-1.160091359,7.121033909,4.252707267,1
3.165904672,0.364300486,8.852299275,9.563642296,1
3.435276134,1.498011279,2.947116073,8.259720341,1
5.145611554,0.524631061,7.132872326,4.795440969,1
4.661896631,-0.875585218,7.945368472,3.409471073,1
1.478253406,0.714251282,7.988966392,2.731215983,1
4.842939733,2.881849577,7.626064185,9.546411871,1
2.558868222,0.606284737,7.160081035,3.790232141,1
1.214728041,3.3565708,7.508298626,6.171354614,1
3.187616658,0.420223212,7.595876414,4.700371181,1
3.522644646,3.313885267,1.453490822,4.994022893,2
4.0481452,1.66926411,6.208392672,5.131630921,1
1.648067313,3.032668923,2.867385922,9.724536139,1
2.568490284,2.09142614,4.661284516,1.400940257,3
3.559072113,3.527003933,6.172769142,7.405654721,1
2.269490275,1.690932035,6.96712387,6.248435016,1
2.822904339,3.233059029,1.55342944,3.955705638,3
1.344092312,2.415540346,2.441761581,3.126808255,2
3.899574152,0.653343106,3.074075229,4.206141418,2
0.91109909,3.185820131,1.38587415,9.713821736,1
2.104712598,1.299288094,1.46954616,4.022788748,3
2.595514483,0.67880546,5.421923583,1.464887953,2
2.003329135,3.126958702,7.384949589,4.426619619,1
2.780654653,6.143139841,2.915480765,4.55395891,3
4.524541736,1.490842712,8.965686791,7.859974847,1
1.287613405,1.716902737,8.66476335,6.580223649,1
3.93259762,0.036157547,3.101411097,5.297029989,1
1.219809458,-0.098249001,1.658369703,5.097857781,2
5.025061729,0.229329499,2.299227931,7.819939808,1
3.095847361,3.966869861,7.939681986,7.181842821,1
1.028281116,0.537924496,4.859181238,5.568243221,1
4.68893853,0.661745559,7.461503718,2.354077351,1
2.421002906,-2.208392371,1.180253817,7.623754896,1
3.521203723,3.828193988,1.745417956,3.99942093,3
1.813178588,3.307745092,4.609894123,3.759203915,3
2.101756687,-0.791453635,7.363130363,3.578309207,1
4.056780246,-0.290022922,1.779206486,6.649528175,2
2.646358995,3.935018771,5.874377184,5.66411668,1
4.109221936,2.634712867,7.306456981,4.611822556,1
3.221028719,-1.6934483,4.395511249,6.023931777,1
3.295911228,2.173800358,6.446341012,8.100239974,1
2.704537969,0.61414766,6.993832882,5.549381527,1
1.05531382,3.997316061,2.36922805,3.206745093,3
1.498197809,-1.469520038,7.045153497,4.78779522,1
0.86476472,2.7908776,3.271816209,3.680721168,2
3.16672224,-0.366942826,8.857092476,4.660744815,1
4.257738262,-0.207076252,3.184762178,0.834410086,3
5.116552385,6.889876065,3.425292581,6.349969354,2
1.908666257,4.290079971,7.654187841,6.825205282,1
2.010010238,-1.120613806,4.663695935,2.735677358,1
2.13642251,2.720141311,5.676325897,5.264480236,2
2.766386405,7.54427113,3.360460753,5.67069258,3
4.922969894,4.215153823,1.285480013,4.440410147,3
3.162639644,3.464427656,2.846472131,6.684055848,1
2.06640263,6.966228035,3.680277741,7.974777614,1
4.45059453,3.503535591,1.858383436,5.74792166,3
1.474913344,3.608126705,3.735191712,6.035032417,1
5.115966484,3.446408162,5.592843674,1.701774062,3
4.001655208,0.986204027,4.63030508,3.696940246,1
0.950409041,4.339316717,7.339243649,4.510509815,1
2.983670286,-2.091002372,6.828511396,4.236609639,1
4.253657415,3.996296648,5.454138188,6.545778344,1
3.651374111,0.970830232,6.754404066,5.01813125,1
2.607294046,0.729633271,4.019451894,4.29320153,2
1.364713735,1.946418104,1.008278759,4.596800136,3
3.103159568,-0.266267408,3.639791956,3.038936578,3
3.919643978,2.770658702,5.247965375,6.048823595,1
2.970044859,4.236202978,6.209517982,4.842398783,1
1.065938146,-0.104549187,5.956457602,2.635320278,1
4.820402865,2.39773974,1.911193561,5.069353375,3
2.778433253,3.189487415,2.639267631,6.622153026,1
3.229685121,4.417548449,4.155454254,5.705319909,1
3.906603316,3.726182817,4.468345731,6.16585603,1
2.691209852,4.224711471,8.728722738,3.20733535,3
4.471092573,3.739203566,2.956971306,2.670834692,3
3.211258559,4.227196982,6.743748641,1.296719588,2
4.232754231,4.161975318,1.470170548,2.419211262,3
1.600823545,3.199178311,8.700517446,3.938223658,1
1.11776792,2.103146281,1.302794391,3.249114258,3
3.519136571,0.966352445,4.085523207,3.395653752,1
2.485472898,2.196291779,8.040750396,7.360789725,1
3.272911294,2.464848203,4.114155699,5.539514019,1
4.255232736,-0.955747624,2.548807489,7.446909206,1
2.315003484,3.961542359,5.426012997,4.628321018,1
1.322169448,0.861594753,8.263279999,4.627237595,1
4.915734293,3.22859638,6.691383557,8.048317817,1
4.519424968,1.593204085,6.52129955,8.904265491,1
5.188254232,6.384859831,6.089293554,4.951181128,2
1.308176372,1.126368979,5.743870199,4.481132854,1
1.216232347,-3.537076517,7.489536805,7.937500792,1
4.296446009,-2.597153478,2.338706698,3.93430349,2
3.938150101,4.940397347,6.500502426,0.732717643,2
2.786552031,4.207251541,2.251524523,7.513935641,1
4.087798118,-0.636443675,1.768403476,5.959981735,1
2.215827788,1.447081616,7.254115863,4.308659445,1
0.875000261,2.496134564,5.940349014,3.865319118,1
5.046029015,1.415975188,4.306715187,8.028758702,1
0.890307259,3.432249056,1.88198008,5.291079746,3
1.139896409,1.163164781,4.697297338,5.13887668,1
1.180502898,5.113789919,1.654224053,4.548484392,3
1.579188935,3.475608596,7.951011937,7.244116838,1
2.516633456,-0.439457676,8.784102328,0.380156796,1
1.634251652,2.150328343,8.137156518,6.972565848,1
1.124171555,3.14201135,4.17316935,5.029421703,1
3.95239783,-0.824324376,1.900862936,3.263890889,2
1.954156055,2.441442398,1.815206874,3.590114757,3
2.427211111,1.470516992,6.154196717,8.468002637,1
2.640672652,3.003238002,2.675809415,8.200903004,1
5.132053485,1.885405418,4.47676605,5.838532514,1
2.450348335,2.72111745,3.618064165,5.214432872,2
2.217141592,3.948645865,1.167179614,0.467018459,3
1.154394329,2.461887841,2.895781314,6.417427728,2
2.75849531,0.471973364,1.225662086,2.364228299,3
2.265752187,-0.544643932,4.85505156,5.91135209,1
1.373647821,1.154751046,8.492200471,6.656701858,1
1.643160978,-2.980952974,6.183167193,5.720999192,1
3.115385696,2.934705938,7.725238087,5.016788217,1
2.607387756,-0.896028773,8.834075116,3.3399945,1
2.889563291,0.460430149,6.112322722,5.27340374,1
4.443840677,2.57613423,2.330417393,1.147591537,3
3.185812464,3.412092417,1.799328476,3.631799726,3
0.837450615,-0.762367191,7.213904444,8.712738343,1
2.469650416,4.419772947,2.797936376,4.913104783,3
3.1504799,-0.512047864,5.969622439,2.041249748,2
4.084268125,2.194252947,2.927112952,3.166538014,3
1.249563482,6.223906187,5.325566784,2.822481916,2
2.530568557,5.284630936,7.312993361,2.840421988,1
4.380295894,-0.307565338,8.254183698,4.304603586,1
3.7998149,3.909369302,5.967135726,9.221175144,1
3.469545835,4.777443823,3.172502872,3.474045363,3
1.956294413,5.464394127,1.061127856,8.016431607,1
5.124634852,3.178329611,4.435982769,4.666445264,2
4.27807827,1.977415569,8.845167561,7.179549315,1
2.075748928,2.042084168,5.556909489,8.620690064,1
2.362950763,2.56343701,4.633967208,4.29842652,1
3.737432762,0.203510779,8.409503322,5.57839673,1
2.681002139,4.524911745,3.166911637,5.406659329,1
3.426960199,-0.345735383,3.286284495,3.247275571,1
1.321917482,-0.62559434,3.647604087,6.035019197,1
1.284285759,5.259164976,5.616578415,3.827910638,1
4.797918356,0.731960899,6.440090699,3.29867946,1
2.351489733,-0.284054792,2.936698359,4.15334446,1
3.383616239,1.871002089,2.036123183,3.349404143,3
4.836202458,1.415429057,3.555657044,1.943825103,3
4.233181294,-0.328256955,6.246210175,4.268126745,1
3.908351005,3.792939716,2.800200041,1.929047816,3
1.657595425,2.945390306,1.58110779,1.892816086,3
2.8926323,5.702626717,2.766182004,5.313033634,3
5.199425846,0.621120303,7.414719423,4.310530217,1
3.399817353,-1.168281847,8.184895149,4.449259423,1
1.618359417,2.30952167,3.568990922,6.71284305,1
2.881726016,3.5165889,8.332865648,4.092650947,1
3.239490248,3.930702234,2.051737884,5.134485664,1
4.334877746,0.376875664,5.386282817,5.357641512,1
4.647857515,0.298874184,3.163515719,5.846945411,1
2.905802021,0.015796604,2.367998764,7.18002192,1
5.018535299,3.546351251,8.992130378,3.634973752,1
1.115927123,0.846308495,4.526628798,3.222521699,1
1.344642608,1.401531222,8.103811692,11.01356462,1
2.978259671,2.267407099,8.275871418,5.5665303,1
2.612814897,4.213800424,6.874953669,7.821305414,1
2.259533319,-0.600026385,2.71860561,4.99903425,1
4.448904861,-1.054176709,1.334803697,4.978029963,3
4.19850343,2.432360962,2.744778806,7.045122888,1
0.999343139,0.795807533,7.103548009,1.402830007,3
2.201051705,5.121732542,3.433709105,5.858303097,1
4.43699964,1.13822435,8.667663099,6.85768716,1
1.567464864,0.698142853,2.26433271,5.687202864,2
5.120034875,8.031362625,4.300581599,7.26273159,1
3.117740631,2.029531223,8.367940117,1.783382899,1
3.729907294,0.149648076,6.742253454,5.443819499,1
2.352960999,2.337658485,6.291466454,4.397531172,1
4.200085917,0.193478296,1.543456146,4.337393972,2
3.562063983,-0.559091481,2.382112127,5.475736529,1
3.191335874,0.141420483,5.520374192,8.518662256,1
3.538234183,3.249714075,4.652410641,5.401832371,1
1.486168789,1.080104577,6.776293445,5.325669827,1
1.869307319,3.471891685,1.15682278,6.873392042,3
1.335286256,1.01335062,4.514756311,1.937193294,3
3.777950372,2.793291935,5.344041977,5.017001881,1
3.758348438,4.368941973,2.015809748,8.60531728,1
4.689628452,-0.430690795,3.448432131,5.235389373,2
3.689207768,2.310673327,1.752937378,9.218103236,1
3.367847403,0.991726667,8.448138649,7.779968248,1
2.297755325,4.805571942,7.939235497,-0.021609196,3
1.159565827,0.428398866,7.182021059,1.644146803,1
3.199778818,0.996296969,1.118453298,5.24598921,3
1.833370874,2.549615426,3.493176818,3.216492567,3
3.017182882,5.403008374,2.133168859,5.584655144,2
3.332623459,0.419285689,7.62731475,6.810028704,1
4.876486772,5.342378574,1.681489712,7.12722579,1
4.022871751,3.866117418,3.824793356,5.041969322,2
4.049431969,2.716313901,5.981657201,1.848663695,2
4.353492123,2.241440884,3.139228038,2.845817854,3
4.065077933,3.959677287,3.224014899,6.300414376,2
4.192893616,2.068005219,1.210534215,6.664966427,3
4.712863627,0.332061269,7.608728614,3.294108949,1
3.217947126,-0.575526294,3.22088339,4.406618314,1
1.457378573,4.497278749,5.03248339,2.647433382,2
4.726358276,4.07199958,8.187273851,2.60851261,1
2.409961439,2.664473816,1.178555435,5.446579857,3
4.447846424,0.703082082,3.560369609,4.890366164,1
3.648394364,1.761414561,5.685687132,4.968901718,2
1.664473058,0.226234093,1.686208669,4.63530373,2
4.62805106,-1.667478926,3.819182709,1.013597034,3
3.743242529,0.248556743,7.478703253,8.084410667,1
2.746428906,1.877130468,3.498857167,6.479369613,1
2.121977058,2.837783511,4.001735132,4.334488339,1
2.546446643,3.72490913,8.275829956,3.521566078,1
1.341847943,1.657506012,3.731642066,2.455495605,3
1.505015764,3.345657581,7.25308115,7.988418558,1
5.177397255,0.975479901,5.923279831,6.890935682,1
2.77703785,1.099219496,1.94342456,7.941830189,1
2.014376535,-0.955740385,5.657207847,2.826273563,2
2.095165955,-1.179680818,3.013850944,3.345806198,1
3.594027293,4.826892592,1.316305872,4.571767892,3
4.056134171,1.489172614,4.440616287,4.285918675,2
4.605918377,-0.879593334,3.700923186,1.208607254,3
5.022207136,3.892263621,7.688085113,4.547637663,1
3.730454341,0.11689096,1.773370888,6.52557932,1
2.377109903,0.702281896,2.15658379,6.615297375,1
3.704624431,4.312502078,3.948861117,5.785323308,1
3.356885785,2.494275201,5.630120441,4.994767198,1
1.03145536,5.403885209,3.857236395,2.779656593,3
4.637873531,5.626016695,6.800422419,6.243420176,1
5.194294697,-2.077227297,6.778524907,2.42636327,1
0.936717172,-0.962429724,7.324173812,4.018464153,1
1.61282404,2.514565483,1.371816885,8.558382117,1
3.243765767,2.746148431,8.37194168,5.273984398,1
1.879013408,0.748158076,5.538281502,4.050562441,1
2.110529497,5.829085855,2.765381286,6.541152728,1
2.724788012,4.113235027,7.92219083,7.327773238,1
1.853642965,2.185945284,6.860616634,6.897036214,1
2.368531883,1.567901295,1.785499701,7.599862616,1
3.491555314,2.271381517,4.74952816,4.436108071,1
2.66294719,0.492781808,6.985611107,4.167188675,1
3.468851086,3.638723537,2.754012303,5.194318742,2
4.124756346,-0.888123391,6.129807351,1.627817052,3
3.519951574,0.248749466,4.436278921,3.85632393,1
1.142692477,2.713651748,8.167422853,5.256610072,1
1.05674172,2.512169012,5.291303316,4.702051548,1
2.675695599,-0.821976228,7.254033895,3.648051373,1
4.235293904,5.7785588,7.211139668,4.126157706,2
2.617976647,5.517886587,1.197861983,3.264971108,3
4.527204478,2.315032898,7.407037294,5.526310784,1
1.854777562,2.3711203,7.00003263,4.057926621,1
4.024760261,1.386175178,6.731667353,6.892301734,1
3.294539109,0.452142718,3.70888651,7.058262637,1
1.764200539,1.063759074,4.413989266,6.541580233,1
2.406641212,3.346520517,7.590576245,4.51220134,1
5.079505331,2.043429578,2.836368227,6.255030179,2
4.013058973,2.453361273,1.314626206,3.50215328,3
4.241981598,2.048085599,8.269124927,6.091979122,1
4.622551226,-0.004498012,1.323571187,4.501495679,2
1.11314107,3.898112785,2.680921948,5.456811515,3
1.485662754,-2.68670435,3.960923623,6.517059347,1
2.841910523,2.92189332,2.901321497,5.030145783,1
4.895496691,2.36310639,2.927129688,2.136901292,3
2.359597682,4.723363398,1.053868033,7.209592752,2
2.985081154,5.102467449,8.598904518,5.348788675,1
1.182674191,-0.418539993,5.898977675,3.590605828,1
4.095243113,0.742915445,7.803497761,4.315184927,1
2.510234856,2.527289688,3.816762665,5.817886044,1
2.019015523,6.012176099,7.485136313,3.98941368,3
3.42914144,1.859867888,1.632754419,5.487527382,2
3.896054779,1.99438184,4.366951486,6.440364075,1
3.497720812,-1.163762101,4.389030151,3.459211802,1
5.110023043,3.957407193,2.472823631,4.471166296,3
3.333667625,0.423282994,4.351972768,3.78201591,3
3.260410696,2.809451947,4.546150176,7.741266359,1
4.455148068,2.197142828,3.61040226,6.712518763,1
2.50397119,-0.038966736,3.274340259,5.627504558,1
4.605920647,3.915906346,3.29724597,8.615656139,1
5.03153395,1.676623657,2.43643954,3.829931668,3
1.065583663,4.997997979,6.795319477,3.868348005,1
1.430593943,2.721572612,5.330918331,6.293783314,1
4.83688302,-0.913840572,8.161036579,6.464212783,1
1.327674321,1.371759065,2.09228107,3.953602088,3
4.582302018,3.963552743,8.434116555,4.867200556,1
1.097453856,3.964113447,6.261921046,5.775230179,1
1.927160474,1.861980853,4.962087911,5.14109619,1
3.531906846,-1.302579012,7.749101533,1.146701465,1
4.666649581,1.726029717,4.451590372,6.428287652,1
4.893842215,-0.151739987,6.976614129,7.596795469,1
1.101229202,-0.334672001,1.69983623,3.296774053,2
2.18574038,3.428662387,7.114458194,3.532750959,1
2.084856801,0.606666076,8.075873669,4.755302302,1
1.455214438,1.7335347,6.685437134,1.655805605,2
1.042551934,5.778495571,2.820363712,3.528553197,3
0.869727297,-0.333072215,4.089259462,4.996514662,1
2.573857581,2.160876613,6.060100511,8.200743365,1
2.744015708,-1.788566139,6.342576461,5.909054407,1
4.063694899,2.238417967,4.949008195,1.112502034,2
1.026653216,1.547097771,1.793747088,4.415897576,3
1.275675234,3.184261231,2.708522441,4.044261292,3
2.703012644,3.836795218,3.23433698,4.442132489,2
4.81980528,3.70830149,5.286665911,1.229122532,3
3.318140865,0.25361342,2.224313132,1.382491156,3
5.10672005,1.966833471,2.267142627,5.922660526,1
3.329766845,4.712214259,2.175054863,8.342197399,1
2.862152828,2.754962773,2.626791535,4.483409158,3
4.012193419,1.812700689,7.684372107,8.964131871,1
1.828994631,5.826928373,2.441635557,4.618843934,2
3.773949095,3.401389991,7.625952888,8.757290848,1
1.546568932,3.604556544,4.007036541,3.215570324,1
3.210069342,4.677574328,2.287205093,3.116203182,3
3.764603358,-0.343746319,5.857052168,3.98622566,1
1.846588737,3.763510827,3.416781388,8.520901343,1
4.253837048,4.648147474,8.595174979,5.318605057,1
3.791568758,1.899917331,3.899998447,3.161903887,2
2.897036211,2.319920315,3.166236712,4.147730607,3
2.390972051,0.369550934,6.33325834,3.784705686,1
4.097207194,1.202476524,6.193083473,7.914842447,1
1.296894476,2.303029676,2.951707274,3.742818408,3
4.111716184,-3.291557296,7.833538011,9.759600354,1
1.10859614,1.28752661,4.975468703,3.99543564,1
3.140620887,2.632518794,2.404829768,5.8669367,1
2.945316814,6.236365229,7.497633731,5.765587614,1
1.944580718,5.323629647,8.076262422,6.049574146,1
3.600764844,1.235911233,1.826824818,4.706786713,3
4.098602457,-5.630920226,7.61766416,9.033019615,1
2.335327,2.858273354,7.530192986,8.93626286,1
5.161005406,3.282837536,7.147209791,5.461503253,1
1.696841572,1.175675279,4.576191435,6.949873766,1
3.91480704,-1.364963193,4.48870378,5.803730581,1
1.731618974,-0.694672162,6.351101741,7.38988269,1
1.233244773,1.510407943,2.022984659,6.108895834,1
4.375331475,3.988985977,8.373567102,5.731228042,1
4.54539368,4.638231162,8.648771852,5.753395048,1
3.269089276,2.889197646,4.327568296,5.712440818,1
3.544169136,3.83026363,8.932185393,5.289275381,1
4.669672623,0.509603626,8.755033448,1.925012986,1
4.842991471,0.60814994,1.109752122,3.56518928,3
4.47987672,1.99073966,8.529616544,4.182925288,1
2.632444219,6.350492234,6.162133968,4.889077629,3
1.338244285,2.305384903,6.58177067,2.961443057,1
1.309289467,1.853141406,8.466398034,5.053979471,1
2.699847399,2.536724553,7.180735275,5.156954103,1
4.953903138,-0.2417415,5.704209436,4.225036265,1
2.67709339,2.393195465,1.536376512,2.061314776,3
4.146760804,2.337151894,6.321598085,5.490640468,1
2.669845452,-0.346951696,6.628760319,1.410214204,2
5.189377532,4.567879962,4.240969749,3.921270578,3
3.753802084,2.198661626,4.262720162,7.28937661,1
1.970318183,2.88715958,8.565086048,3.677739847,1
2.258750633,2.178495573,2.055911673,6.620616861,1
1.060183021,3.830530825,5.900694076,6.576819085,1
3.154751359,1.524544107,3.39500403,2.821286621,2
5.150937692,1.489675487,2.013793934,4.016192388,2
2.503837228,0.045557097,7.001817487,1.846408264,2
4.969495353,3.106408838,5.654687213,5.009004157,1
3.010302942,1.040497064,3.216992961,1.84243581,3
0.980331379,0.419970292,1.059791444,1.096725473,3
2.637229918,1.753974709,2.50820959,5.561401592,1
3.539610116,-0.171499928,3.309273928,7.10185251,1
2.250179476,3.382759273,4.098373378,5.027091956,1
3.938677584,3.638769779,8.645963021,1.771241864,1
1.550078711,1.646215686,5.360641656,6.459877504,1
1.159894922,4.183333846,2.662309837,6.794327976,1
4.06139725,1.264771096,2.693196094,6.259947909,3
3.582943572,0.917467702,4.742536807,4.20568217,2
0.850729721,-0.511481501,5.909544762,3.307490986,1
1.720003376,0.939352965,4.784934718,5.591611301,1
2.755380962,5.569751897,8.429422045,3.748510199,1
1.257304652,5.500802821,2.771700835,2.867399974,3
3.191651878,3.626864522,2.305212386,5.520595054,2
1.452611496,1.204204164,4.37219891,5.86710299,1
4.821453098,1.351467209,6.174814265,6.289667196,1
0.927180311,3.68479918,5.95882218,5.467674935,1
3.287760452,1.159069114,2.386233155,4.55205944,1
4.181980623,1.735043694,3.724770915,4.511097423,2
1.113022034,3.075047737,5.088829748,0.926833569,2
3.016843126,-0.181769226,6.334692739,4.570009795,1
1.289443962,2.428128526,2.71404076,3.128272724,2
1.027841379,0.098035433,3.167776333,1.864377444,2
5.106903529,5.717728276,3.500892809,3.265972883,3
2.683911018,4.3918765,2.283051819,4.686586436,3
1.753712209,0.734455017,2.604482077,8.484898122,1
3.329735851,2.762933046,7.959267728,3.585693911,1
2.404018539,4.834637769,8.698550222,6.765421664,1
3.676970148,4.59888452,4.054199805,2.464830806,3
1.017745059,4.050765419,4.162207201,4.039302227,1
4.353793243,3.377202662,5.193301424,3.49369841,3
3.04385818,1.145860537,7.611135541,1.904194039,1
1.287519746,4.272722423,7.541173123,6.149772231,1
4.696667075,3.158212068,6.976176467,3.869321203,1
2.742153769,-0.296034198,7.029522983,2.517477314,1
3.367266112,4.674514623,4.669749193,0.444609443,3
3.555346693,0.621139519,1.226933323,9.05429983,1
1.314433127,3.672219469,3.577707423,7.041728193,1
2.452362699,5.971953106,5.400183653,3.667739681,2
2.837232594,3.235990912,8.969882281,3.680235716,1
4.548651153,2.15336489,3.152658043,4.566909252,2
0.899170897,1.583380459,7.689410323,7.184108224,1
2.100916227,4.174225759,8.176064469,6.324882597,1
4.777510619,0.383178038,4.602075797,4.996874297,1
2.274266314,2.270558826,8.317074569,4.854600835,1
4.475682512,2.822482998,5.400960799,2.302419598,3
4.278760863,1.371814735,5.66645444,5.720914634,1
1.106866264,0.309143335,6.353621271,7.046546827,1
4.520048391,1.689813651,5.927647272,6.422373775,1
1.468043953,2.502579302,8.089066463,3.10550067,1
4.820906154,-1.400331455,4.452450423,4.514959477,1
2.164569502,4.563137781,3.29833151,7.96065787,1
4.56283959,-3.799686748,2.307809163,5.548032848,1
3.815972125,5.45821147,5.426937036,4.491475176,2
2.146451803,3.032663481,7.227218358,4.625404712,1
1.239488156,4.693097722,4.592201903,4.868148014,1
2.392036623,2.279363276,4.53098576,-1.125065413,3
2.619688723,3.212565154,8.410959153,4.185567969,1
2.08831725,1.031363191,3.002939917,6.339176089,1
3.078125504,3.69996494,5.16992433,7.982841273,1
1.08061317,3.656504712,1.360376876,3.780283776,3
4.761623622,0.857114499,7.75459528,3.498774231,1
2.216418344,0.454866851,2.250639582,7.606280914,1
4.713818252,-0.843664418,1.708731348,6.087101885,3
3.184169649,3.529744834,6.332426189,6.557932524,1
3.469679805,5.179356414,8.939579615,4.774326833,1
3.29810391,4.326182549,8.412983337,7.139619227,1
3.173057573,-0.089391705,7.552435795,5.57742559,1
0.913985069,0.981363368,4.844814952,6.326965144,1
1.405120303,-1.078324916,2.321957147,5.68283114,2
3.190475449,1.861006355,7.664421909,5.152475559,1
4.67766323,0.889031478,5.998368213,3.685679651,1
4.532538912,-0.089497233,6.653985634,3.414612165,1
1.471577701,-0.836330006,2.757623248,5.936757386,1
3.015836129,2.509473559,7.834142135,1.058483959,1
4.87977405,2.1633082,4.016737938,6.019326099,1
0.952052577,1.995648096,5.333865969,4.032687829,1
3.285202122,5.005893174,5.695736568,7.00352179,1
1.343409125,3.207713253,7.291805653,9.959275349,1
3.441456334,0.504227715,5.442674443,3.355177488,2
3.126180622,-0.684838466,1.023409346,5.512754404,2
5.022132973,0.895968647,2.162452245,4.633494726,3
1.394894489,2.784710227,7.988957433,0.972987267,1
4.601209619,0.376295534,7.641108658,7.928761087,1
1.503849866,2.831240484,8.139504211,5.551285857,1
4.367023818,4.379367519,2.057732144,2.508959582,3
4.500962614,1.08524648,3.762613945,6.111576771,1
1.459716434,5.156503457,3.359764524,4.644854226,2
3.990859747,1.659573877,6.578651182,5.876388727,1
4.379766447,5.654487216,5.547482653,5.008051106,1
1.309660851,2.184594466,5.364588555,8.639591649,1
1.764848555,3.742017332,1.934944484,6.632944239,3
1.369308727,4.247028783,3.112690294,6.706149548,1
2.696055722,6.795739756,3.35034983,6.353358446,2
4.417303566,5.237584988,2.936074322,4.491661349,3
1.399230609,2.916643699,8.809544569,6.288647656,1
2.789561845,3.894058725,3.811937191,3.595475845,3
2.099507308,-0.824903803,1.830672042,2.788400908,2
3.430544637,2.478957881,5.603479626,4.982189833,1
1.814199411,7.064471945,2.988944588,4.399661669,2
3.013108371,3.527818276,1.338961249,3.934267003,3
3.44718917,3.005178937,2.956295671,0.95693011,3
2.067730264,4.606804053,5.95169377,5.376215136,1
1.710121042,2.278100642,5.110032689,5.718665086,1
1.27445787,1.32737157,3.153399743,2.643010643,3
3.750598508,3.154584765,6.502992732,5.886826172,1
4.760879008,1.193141335,1.261592612,7.340321927,1
2.348479555,3.258086903,7.999551455,6.50100432,1
1.369258665,3.391205818,6.082845528,8.767683345,1
3.421886832,-1.520086918,2.82656697,7.870673746,1
3.131776221,-2.864635641,2.325588834,6.30492591,1
4.785858134,-1.368312618,2.105565798,5.827386868,3
5.049271041,4.049681343,6.752858525,7.243725252,1
4.07122329,3.332178642,3.261026602,7.265005098,1
3.798976245,2.571838938,8.359668845,4.390697751,1
5.015635621,0.059067931,1.120161649,5.681774347,2
3.705961323,-0.57501209,6.267426547,3.345969412,1
2.059888289,1.78339608,6.573499765,6.596092024,1
2.371872283,0.164995509,7.512590487,3.777583463,1
3.346194796,0.468713421,1.60162436,4.367901983,3
1.110522985,5.040432686,3.354585063,2.822172201,3
3.179464092,4.389560642,3.249196071,4.519459645,3
2.240844491,2.134762549,2.855969846,4.85889166,1
1.249363454,1.772536015,4.61507923,6.506394772,1
4.232354347,1.476341357,6.68506719,5.213095004,1
4.913199272,1.864079234,3.733378885,3.70003888,1
1.894273663,0.253858374,1.586108519,0.097005479,3
1.571716761,3.060269985,4.466927266,4.880587401,1
3.011974502,2.059541371,7.376194805,3.77392482,1
1.853892836,-1.420459206,2.314449886,5.126890759,1
1.793174346,2.075282261,4.431902759,4.308717042,1
4.832730631,0.589457449,1.604038693,4.636412005,3
3.225205852,0.442267592,4.180271104,2.1024014,3
1.46694611,4.867071115,6.471357862,6.009872594,1
1.651259987,-1.32489751,8.118654666,6.341083416,1
3.463387048,2.066887713,1.079086004,6.53913109,1
2.423433047,1.858958827,1.961343547,5.907616881,2
2.584235321,3.330967868,3.615174368,6.744079828,1
2.571399256,6.357437436,7.12753346,5.312984037,1
1.197044264,2.186210522,8.708859961,3.116293894,1
4.792504687,4.005049703,5.797069291,4.2381157,1
4.644482339,0.738584949,4.727041265,4.704638145,1
4.860479641,3.889784855,8.759893985,8.818576347,1
4.999529277,4.417727705,6.109600546,7.841382671,1
4.474461788,3.51073043,2.997034954,5.612194978,3
4.096063612,1.863411548,8.978542643,8.011896918,1
1.003733721,0.72051589,4.680526661,1.816393669,3
2.324487861,0.330887689,5.294614052,4.110718488,1
3.701182754,1.61761398,7.2295116,6.004315323,1
3.657775742,2.691034666,1.939787854,4.953997906,1
1.449091098,3.414758289,5.191707261,6.719751518,1
1.177995272,0.520503424,3.31727989,4.208988539,1
3.970080559,5.286173252,1.203829983,9.846416677,1
2.423240461,-0.86536782,6.953406036,4.863827,1
2.320530448,5.981761368,3.915784609,5.577865653,1
2.723672079,3.564463666,4.442614811,2.578436698,2
1.47189547,-1.685610415,4.170319704,4.293819578,1
4.495095429,1.704578233,3.063492429,9.151253463,1
2.440809103,2.297444477,4.917839549,4.108529435,2
2.915450303,2.281038516,2.91327703,5.280665026,1
2.528653664,1.126436972,2.033628277,4.460485952,3
1.105883071,3.41708625,5.696720531,8.171898847,1
1.221846295,0.423531404,8.332434721,6.292069904,1
2.859632011,0.326831354,8.239878954,4.258404522,1
1.518987052,1.172771469,3.584740737,5.882901807,1
2.861776089,-2.791805262,2.704425491,3.72770894,1
1.926885299,-0.525597381,6.783132581,7.043320403,1
3.163540668,2.436245169,1.498315165,3.86269937,3
4.997126335,-1.279030729,2.617718788,3.926833217,3
3.448471752,1.760365616,2.139944248,4.127131082,3
3.378203564,0.936229883,1.733384822,5.685153116,1
3.31370419,-1.005689712,3.471240329,4.644353767,1
4.816154265,1.568688807,5.957926458,2.802411235,2
4.675628735,1.312850016,1.839252682,4.711250793,3
1.386653138,2.211393965,7.39393113,2.69579989,1
2.940125867,1.794194743,4.418586412,2.754466496,2
1.243528106,2.780890903,1.174245751,3.270341337,3
1.112666586,4.592294195,1.840605123,5.267449307,1
3.761224026,0.770794838,7.514496591,6.046090708,1
3.784149115,1.977905931,6.243517945,6.031220085,1
4.666663115,0.986654288,1.1352349,4.944589937,3
2.700805005,-1.444240057,8.852061486,6.000304485,1
4.267692271,1.354503418,8.797477143,3.754703784,1
2.79247972,2.312812233,7.896243267,4.595997248,1
2.163190469,-0.686923484,1.64862185,2.658517246,3
4.839800042,5.484028542,4.465676904,7.987299634,1
1.255780006,5.411699896,7.640846537,7.539412502,1
4.219289603,1.035764412,1.050366346,8.452503101,1
1.123067206,-0.758963129,8.5817116,2.531125846,1
2.977412388,2.858256128,6.934158964,3.056460891,1
1.111416317,0.813785655,3.729720103,3.684581055,2
4.477010489,3.284764935,1.755381124,2.84668758,3
4.297568544,2.711875901,2.555807557,1.410010869,3
2.973269958,6.433718191,7.423145831,5.315870672,1
3.915834329,2.141172584,4.059699573,5.068418219,2
1.496798418,1.936410787,2.182239382,4.342768875,3
1.015140881,1.902355126,1.544032419,3.097732603,3
4.397988445,1.055158655,3.62229904,5.651197619,1
4.741253399,-5.148713108,8.105874153,10.11860831,1
4.888012662,5.868024275,7.153078282,4.475805279,1
3.229014451,0.239269545,7.785462216,1.760769983,1
4.110023835,2.449457863,5.268886788,2.35328512,2
4.629253741,0.895362719,1.477673078,8.486693339,1
2.016482981,3.272548217,1.998633061,1.969145597,3
2.280401835,3.247376156,3.242553893,7.560365506,1
3.97631471,2.606180351,5.400815828,2.342491222,1
4.745591212,0.168169107,4.342630487,4.225702229,2
2.592092751,-0.70939709,7.608545924,0.981102121,1
2.391709258,-0.585824832,8.422502525,0.467359418,2
2.966841245,4.024101021,5.589929463,6.433069062,1
2.840436449,1.900169209,2.19474175,5.426649712,1
2.014499449,0.543106934,3.431667294,9.33563266,1
1.16657511,3.090336427,2.71589355,7.063265673,1
5.190139434,1.766580653,7.000555873,4.261149932,1
1.47064272,1.77164751,8.144255798,5.349623746,1
1.457374604,2.601667616,5.830764543,4.817472853,1
1.488426575,0.934608426,8.493782351,6.791826683,1
0.930697093,2.025585354,7.477481464,2.898988302,1
4.189179328,3.038158602,2.385956254,1.699234605,3
0.868284686,5.117394603,1.825293582,4.023335922,3
3.057020143,4.89473674,8.51224326,5.32409646,1
2.52634494,3.175247923,6.965740858,5.88194286,1
4.990171743,2.127240279,8.601723075,4.315168575,1
1.401680738,-0.995907987,4.586407945,7.136981007,1
3.547133849,4.829643534,1.240888309,4.60795967,3
4.417640164,-0.293542907,4.626983337,4.009186376,1
1.689628238,1.19387626,8.890810221,6.331416021,1
4.10972558,1.129019723,8.267826842,4.039279271,1
1.198359582,-2.676424071,5.402173854,4.558567925,1
3.406846745,4.982068496,8.697831394,5.479755625,1
3.361685931,2.787523723,1.007912377,4.383277539,3
1.704074321,1.408867045,7.192406058,5.740821569,1
4.583125749,-2.326705802,3.153590867,5.370921205,1
1.370729888,6.051413164,5.416664494,6.145222438,1
4.058745174,4.526935003,7.354343344,5.533250721,1
2.236273725,4.375850813,1.977132563,6.225435438,3
4.890611785,2.572313061,3.550369272,4.185076352,3
1.005966247,3.404185811,5.400692623,2.798243162,2
2.207955409,0.21397958,4.913793512,4.227867353,1
2.472136827,-0.727220485,4.980005017,7.285800963,1
1.123975923,-0.941421033,7.003929438,-0.384776868,2
1.368268826,3.910704179,2.281214658,3.603506236,3
3.154075311,3.389413912,2.553175062,3.639358,3
3.822462395,-0.781311794,6.136957891,6.812748316,1
1.084311884,1.108415044,4.368456148,4.332389087,1
4.759468526,1.447881387,8.169025345,8.300271747,1
4.613892813,2.052061886,7.777499087,6.980912258,1
4.819523406,2.473209407,1.206677245,4.730573209,3
4.498772432,2.887389276,2.969658017,5.967924613,3
1.138606558,2.710139479,3.608712034,4.549811473,1
1.149354188,0.219509266,8.844228819,5.652428912,1
5.134739051,1.376662971,7.302475702,7.028195125,1
3.250941798,1.029979768,6.160847131,3.747801263,1
5.088097854,2.261070214,6.535311714,7.130504964,1
1.408492189,2.463194951,6.249875063,6.783796075,1
4.282810864,4.118874897,6.197961835,2.101937162,1
2.478811002,2.657436504,2.383883886,3.417857025,2
2.830237832,3.363752548,1.080729989,4.966618386,3
5.13339186,-1.379487101,7.2710103,5.790618459,1
3.03136423,1.053252832,2.393076699,2.469902613,2
1.294453492,1.859225506,5.109129189,4.719422674,1
3.195387387,0.799746957,8.94197521,1.815521132,1
4.423614412,1.053850121,5.693169767,6.597698654,1
4.246827856,2.191667053,7.535130315,5.152799729,1
1.542570748,2.666647371,3.485821892,2.58897135,3
1.918563259,-0.394104749,4.589726124,4.682917066,2
2.378686054,0.751215897,2.710548209,3.421250358,3
1.015855986,-0.765037756,1.357522201,2.844176589,3
4.347251321,1.313427495,2.168699615,7.352253534,1
2.500797523,2.675295134,5.309533365,8.260809219,1
1.79094647,3.080030542,7.040988803,6.144489311,1
3.346972325,3.724783129,6.147519954,1.993924437,1
0.941971439,2.393693085,1.712392213,6.377852471,1
0.946332527,3.699151321,2.559511557,4.298772217,1
3.570608904,1.613573973,4.770036595,6.708559015,1
3.28107825,2.350934392,2.466243977,7.757367741,1
2.45810203,0.279110659,7.990586463,5.756273657,1
0.933930597,1.318363469,6.030509364,6.401735531,1
1.779014384,3.093789766,1.830697423,3.751532122,3
4.375120639,2.436489904,5.548579549,3.757740705,1
1.348448163,-2.451393145,3.134096121,2.587560881,3
4.461517355,0.887397122,4.507915676,7.201414246,1
4.603682155,5.773082863,2.5734766,2.825441523,3
3.55886989,1.361057523,8.480253469,2.478289016,1
3.288495938,3.312234943,7.390216185,6.782882291,1
4.58376343,2.759668113,8.955964679,4.52452722,1
1.704028149,5.323477946,8.796335135,4.288214226,1
3.015057835,2.240959476,4.63520873,4.05695969,1
4.480838434,2.546387939,1.06029314,4.601442325,3
1.034084087,1.10641845,5.074451245,5.735524409,1
3.232178097,2.894257407,1.28796215,1.383316839,3
4.675928446,3.764386006,2.243196875,1.425694145,3
5.121217005,2.289272976,2.769666389,4.696179936,1
1.051820598,1.052368111,2.641116552,1.947696209,2
3.528886797,3.548698127,4.999030115,4.658893429,1
2.299207423,3.116158841,4.509668179,6.187961192,1
3.040109431,2.117508995,8.382366797,3.303154278,1
1.829982738,3.242343685,6.532415969,6.039576347,1
3.162651168,1.164856356,5.006370002,5.317961393,1
4.252843395,4.196496974,1.286763893,5.493259107,3
1.63645384,3.37935072,5.189524142,4.932095757,2
2.578876132,0.802812807,6.782944089,4.382550548,1
2.657618205,2.943707746,4.56989635,3.528460206,2
5.16105194,2.43310017,3.345742783,4.588156206,1
1.954210548,3.31831835,5.364852902,5.525230402,1
1.389943845,1.377510065,4.370033041,7.413751057,1
5.08806925,4.346530249,1.940476744,8.256533885,1
2.512246997,3.917668858,6.767523328,5.767296598,1
4.932043913,-0.482190715,8.583011007,1.802705794,1
5.059501702,-0.00358101,5.51443667,5.451569376,1
2.076267858,5.256081688,8.141701465,5.322455063,1
2.279992564,1.194602431,4.183272887,9.041897271,1
3.783117539,2.008906033,7.507705022,4.761535882,1
3.885632322,1.436693654,1.969195414,7.235207507,1
5.093017992,-1.130031848,4.436079981,2.557533169,2
2.902597613,2.463547088,5.901818395,5.908727717,1
2.688580594,5.429331517,3.815678246,3.734944969,1
3.270858009,0.011603119,3.919819349,6.662551397,1
1.180943868,-0.009157521,1.634538757,5.081000809,3
4.346211606,1.073010019,6.763622474,7.004890265,1
3.015143644,3.267765697,3.65900534,6.665467535,1
4.868840433,0.796538481,7.350961324,3.87473476,1
4.390401437,3.654689217,6.931801096,3.867450229,1
4.485332771,1.38145929,1.177510366,4.470560167,2
2.111301008,-1.048291552,5.86068818,2.312120289,2
1.112915734,1.262337995,6.340569604,7.265255958,1
4.961033434,3.77781066,2.560994329,7.029321081,3
1.39999757,1.414782353,3.459327599,6.602699565,1
2.520167767,-1.09123892,3.740450058,5.173540045,1
3.209196709,0.85055208,1.664675223,6.791826768,1
